codgeo,libgeo,an,dens_pop
01,Ain,1968,58.88
01,Ain,1975,65.33
01,Ain,1982,72.63
01,Ain,1990,81.74
01,Ain,1999,89.42
01,Ain,2007,99.68
01,Ain,2008,100.89
01,Ain,2012,106.24
01,Ain,2013,107.51
01,Ain,2017,111.65
01,Ain,2018,112.39
02,Aisne,1968,71.44
02,Aisne,1975,72.51
02,Aisne,1982,72.53
02,Aisne,1990,72.97
02,Aisne,1999,72.73
02,Aisne,2007,73.05
02,Aisne,2008,73.18
02,Aisne,2012,73.47
02,Aisne,2013,73.36
02,Aisne,2017,72.6
02,Aisne,2018,72.45
03,Allier,1968,52.66
03,Allier,1975,51.55
03,Allier,1982,50.35
03,Allier,1990,48.73
03,Allier,1999,46.96
03,Allier,2007,46.75
03,Allier,2008,46.7
03,Allier,2012,46.72
03,Allier,2013,46.79
03,Allier,2017,46.05
03,Allier,2018,45.94
04,Alpes-de-Haute-Provence,1968,15.13
04,Alpes-de-Haute-Provence,1975,16.2
04,Alpes-de-Haute-Provence,1982,17.19
04,Alpes-de-Haute-Provence,1990,18.9
04,Alpes-de-Haute-Provence,1999,20.15
04,Alpes-de-Haute-Provence,2007,22.54
04,Alpes-de-Haute-Provence,2008,22.81
04,Alpes-de-Haute-Provence,2012,23.28
04,Alpes-de-Haute-Provence,2013,23.38
04,Alpes-de-Haute-Provence,2017,23.67
04,Alpes-de-Haute-Provence,2018,23.69
05,Hautes-Alpes,1968,16.54
05,Hautes-Alpes,1975,17.55
05,Hautes-Alpes,1982,18.94
05,Hautes-Alpes,1990,20.42
05,Hautes-Alpes,1999,21.88
05,Hautes-Alpes,2007,23.88
05,Hautes-Alpes,2008,24.19
05,Hautes-Alpes,2012,25.15
05,Hautes-Alpes,2013,25.1
05,Hautes-Alpes,2017,25.46
05,Hautes-Alpes,2018,25.36
06,Alpes-Maritimes,1968,167.98
06,Alpes-Maritimes,1975,189.99
06,Alpes-Maritimes,1982,205
06,Alpes-Maritimes,1990,226.08
06,Alpes-Maritimes,1999,235.27
06,Alpes-Maritimes,2007,251.82
06,Alpes-Maritimes,2008,252.28
06,Alpes-Maritimes,2012,251.71
06,Alpes-Maritimes,2013,251.43
06,Alpes-Maritimes,2017,252.02
06,Alpes-Maritimes,2018,252.69
07,Ardèche,1968,46.47
07,Ardèche,1975,46.5
07,Ardèche,1982,48.47
07,Ardèche,1990,50.21
07,Ardèche,1999,51.73
07,Ardèche,2007,55.97
07,Ardèche,2008,56.33
07,Ardèche,2012,57.59
07,Ardèche,2013,57.95
07,Ardèche,2017,58.91
07,Ardèche,2018,59.08
08,Ardennes,1968,59.16
08,Ardennes,1975,59.15
08,Ardennes,1982,57.81
08,Ardennes,1990,56.67
08,Ardennes,1999,55.48
08,Ardennes,2007,54.45
08,Ardennes,2008,54.35
08,Ardennes,2012,54.07
08,Ardennes,2013,53.72
08,Ardennes,2017,52.32
08,Ardennes,2018,51.98
09,Ariège,1968,28.32
09,Ariège,1975,28.19
09,Ariège,1982,27.76
09,Ariège,1990,27.91
09,Ariège,1999,28.06
09,Ariège,2007,30.38
09,Ariège,2008,30.72
09,Ariège,2012,31.16
09,Ariège,2013,31.22
09,Ariège,2017,31.32
09,Ariège,2018,31.3
10,Aube,1968,45.02
10,Aube,1975,47.44
10,Aube,1982,48.18
10,Aube,1990,48.17
10,Aube,1999,48.65
10,Aube,2007,50.11
10,Aube,2008,50.19
10,Aube,2012,50.9
10,Aube,2013,51.06
10,Aube,2017,51.63
10,Aube,2018,51.63
11,Aude,1968,45.34
11,Aude,1975,44.37
11,Aude,1982,45.72
11,Aude,1990,48.66
11,Aude,1999,50.46
11,Aude,2007,56.33
11,Aude,2008,56.89
11,Aude,2012,59.02
11,Aude,2013,59.44
11,Aude,2017,60.31
11,Aude,2018,60.73
12,Aveyron,1968,32.23
12,Aveyron,1975,31.86
12,Aveyron,1982,31.9
12,Aveyron,1990,30.93
12,Aveyron,1999,30.2
12,Aveyron,2007,31.42
12,Aveyron,2008,31.58
12,Aveyron,2012,31.62
12,Aveyron,2013,31.8
12,Aveyron,2017,31.96
12,Aveyron,2018,31.97
13,Bouches-du-Rhône,1968,289
13,Bouches-du-Rhône,1975,320.98
13,Bouches-du-Rhône,1982,338.91
13,Bouches-du-Rhône,1990,345.82
13,Bouches-du-Rhône,1999,360.83
13,Bouches-du-Rhône,2007,385.05
13,Bouches-du-Rhône,2008,386.44
13,Bouches-du-Rhône,2012,390.13
13,Bouches-du-Rhône,2013,391.78
13,Bouches-du-Rhône,2017,397.87
13,Bouches-du-Rhône,2018,399.87
14,Calvados,1968,93.77
14,Calvados,1975,101.25
14,Calvados,1982,106.43
14,Calvados,1990,111.66
14,Calvados,1999,117.06
14,Calvados,2007,121.63
14,Calvados,2008,122.45
14,Calvados,2012,124.19
14,Calvados,2013,124.56
14,Calvados,2017,125.4
14,Calvados,2018,125.41
15,Cantal,1968,29.57
15,Cantal,1975,29.09
15,Cantal,1982,28.44
15,Cantal,1990,27.72
15,Cantal,1999,26.33
15,Cantal,2007,26.03
15,Cantal,2008,25.98
15,Cantal,2012,25.74
15,Cantal,2013,25.68
15,Cantal,2017,25.35
15,Cantal,2018,25.28
16,Charente,1968,55.58
16,Charente,1975,56.59
16,Charente,1982,57.21
16,Charente,1990,57.42
16,Charente,1999,57.02
16,Charente,2007,58.69
16,Charente,2008,59.03
16,Charente,2012,59.38
16,Charente,2013,59.35
16,Charente,2017,59.16
16,Charente,2018,59.06
17,Charente-Maritime,1968,70.46
17,Charente-Maritime,1975,72.53
17,Charente-Maritime,1982,74.77
17,Charente-Maritime,1990,76.8
17,Charente-Maritime,1999,81.15
17,Charente-Maritime,2007,88.2
17,Charente-Maritime,2008,89.12
17,Charente-Maritime,2012,91.6
17,Charente-Maritime,2013,92.28
17,Charente-Maritime,2017,93.87
17,Charente-Maritime,2018,94.25
18,Cher,1968,42.1
18,Cher,1975,43.73
18,Cher,1982,44.25
18,Cher,1990,44.44
18,Cher,1999,43.46
18,Cher,2007,43.48
18,Cher,2008,43.3
18,Cher,2012,43.11
18,Cher,2013,43.08
18,Cher,2017,42.05
18,Cher,2018,41.94
19,Corrèze,1968,40.61
19,Corrèze,1975,41.04
19,Corrèze,1982,41.23
19,Corrèze,1990,40.62
19,Corrèze,1999,39.71
19,Corrèze,2007,41.33
19,Corrèze,2008,41.47
19,Corrèze,2012,41.19
19,Corrèze,2013,41.11
19,Corrèze,2017,41.23
19,Corrèze,2018,41.08
21,Côte-d'Or,1968,48.06
21,Côte-d'Or,1975,52.04
21,Côte-d'Or,1982,54.04
21,Côte-d'Or,1990,56.36
21,Côte-d'Or,1999,57.83
21,Côte-d'Or,2007,59.24
21,Côte-d'Or,2008,59.52
21,Côte-d'Or,2012,60.18
21,Côte-d'Or,2013,60.45
21,Côte-d'Or,2017,60.92
21,Côte-d'Or,2018,60.85
22,Côtes-d'Armor,1968,73.59
22,Côtes-d'Armor,1975,76.42
22,Côtes-d'Armor,1982,78.35
22,Côtes-d'Armor,1990,78.28
22,Côtes-d'Armor,1999,78.86
22,Côtes-d'Armor,2007,83.76
22,Côtes-d'Armor,2008,84.56
22,Côtes-d'Armor,2012,86.59
22,Côtes-d'Armor,2013,86.82
22,Côtes-d'Armor,2017,87.07
22,Côtes-d'Armor,2018,87.18
23,Creuse,1968,28.19
23,Creuse,1975,26.27
23,Creuse,1982,25.15
23,Creuse,1990,23.6
23,Creuse,1999,22.37
23,Creuse,2007,22.26
23,Creuse,2008,22.26
23,Creuse,2012,21.83
23,Creuse,2013,21.72
23,Creuse,2017,21.32
23,Creuse,2018,21.11
24,Dordogne,1968,41.29
24,Dordogne,1975,41.19
24,Dordogne,1982,41.65
24,Dordogne,1990,42.65
24,Dordogne,1999,42.86
24,Dordogne,2007,44.9
24,Dordogne,2008,45.19
24,Dordogne,2012,45.96
24,Dordogne,2013,46.02
24,Dordogne,2017,45.65
24,Dordogne,2018,45.63
25,Doubs,1968,81.5
25,Doubs,1975,90.03
25,Doubs,1982,91.19
25,Doubs,1990,92.64
25,Doubs,1999,95.37
25,Doubs,2007,99.4
25,Doubs,2008,99.89
25,Doubs,2012,101.49
25,Doubs,2013,101.92
25,Doubs,2017,103.02
25,Doubs,2018,103.48
26,Drôme,1968,52.51
26,Drôme,1975,55.41
26,Drôme,1982,59.69
26,Drôme,1990,63.41
26,Drôme,1999,67.04
26,Drôme,2007,72.5
26,Drôme,2008,73.21
26,Drôme,2012,75.24
26,Drôme,2013,75.76
26,Drôme,2017,78.34
26,Drôme,2018,78.83
27,Eure,1968,63.48
27,Eure,1975,70.03
27,Eure,1982,76.53
27,Eure,1990,85.07
27,Eure,1999,89.58
27,Eure,2007,94.72
27,Eure,2008,95.55
27,Eure,2012,97.95
27,Eure,2013,98.52
27,Eure,2017,99.65
27,Eure,2018,99.33
28,Eure-et-Loir,1968,51.37
28,Eure-et-Loir,1975,57
28,Eure-et-Loir,1982,61.7
28,Eure-et-Loir,1990,67.36
28,Eure-et-Loir,1999,69.33
28,Eure-et-Loir,2007,71.84
28,Eure-et-Loir,2008,72.03
28,Eure-et-Loir,2012,73.49
28,Eure-et-Loir,2013,73.63
28,Eure-et-Loir,2017,73.68
28,Eure-et-Loir,2018,73.47
29,Finistère,1968,114.2
29,Finistère,1975,119.42
29,Finistère,1982,123.03
29,Finistère,1990,124.56
29,Finistère,1999,126.6
29,Finistère,2007,131.58
29,Finistère,2008,132.26
29,Finistère,2012,133.86
29,Finistère,2013,134.25
29,Finistère,2017,135.01
29,Finistère,2018,135.41
2A,Corse-du-Sud,1968,22.31
2A,Corse-du-Sud,1975,24.98
2A,Corse-du-Sud,1982,27.05
2A,Corse-du-Sud,1990,29.6
2A,Corse-du-Sud,1999,29.54
2A,Corse-du-Sud,2007,34.72
2A,Corse-du-Sud,2008,35.11
2A,Corse-du-Sud,2012,36.23
2A,Corse-du-Sud,2013,37.18
2A,Corse-du-Sud,2017,39.17
2A,Corse-du-Sud,2018,39.32
2B,Haute-Corse,1968,24.8
2B,Haute-Corse,1975,26.85
2B,Haute-Corse,1982,28.2
2B,Haute-Corse,1990,28.2
2B,Haute-Corse,1999,30.35
2B,Haute-Corse,2007,34.26
2B,Haute-Corse,2008,34.73
2B,Haute-Corse,2012,36.61
2B,Haute-Corse,2013,36.65
2B,Haute-Corse,2017,38.09
2B,Haute-Corse,2018,38.73
30,Gard,1968,81.76
30,Gard,1975,84.5
30,Gard,1982,90.64
30,Gard,1990,99.96
30,Gard,1999,106.47
30,Gard,2007,117.87
30,Gard,2008,118.63
30,Gard,2012,123.98
30,Gard,2013,125.27
30,Gard,2017,127.15
30,Gard,2018,127.37
31,Haute-Garonne,1968,109.47
31,Haute-Garonne,1975,123.22
31,Haute-Garonne,1982,130.68
31,Haute-Garonne,1990,146.76
31,Haute-Garonne,1999,165.84
31,Haute-Garonne,2007,190.66
31,Haute-Garonne,2008,192.94
31,Haute-Garonne,2012,202.77
31,Haute-Garonne,2013,205.82
31,Haute-Garonne,2017,215.98
31,Haute-Garonne,2018,218.83
32,Gers,1968,29.02
32,Gers,1975,28.03
32,Gers,1982,27.83
32,Gers,1990,27.9
32,Gers,1999,27.54
32,Gers,2007,29.35
32,Gers,2008,29.61
32,Gers,2012,30.29
32,Gers,2013,30.41
32,Gers,2017,30.54
32,Gers,2018,30.57
33,Gironde,1968,101.19
33,Gironde,1975,106.41
33,Gironde,1982,113.03
33,Gironde,1990,121.65
33,Gironde,1999,129.05
33,Gironde,2007,141.28
33,Gironde,2008,142.48
33,Gironde,2012,148.73
33,Gironde,2013,150.92
33,Gironde,2017,158.73
33,Gironde,2018,160.58
34,Hérault,1968,96.93
34,Hérault,1975,106.25
34,Hérault,1982,115.8
34,Hérault,1990,130.24
34,Hérault,1999,146.93
34,Hérault,2007,165.74
34,Hérault,2008,167.15
34,Hérault,2012,176.63
34,Hérault,2013,179.04
34,Hérault,2017,187.66
34,Hérault,2018,190
35,Ille-et-Vilaine,1968,96.35
35,Ille-et-Vilaine,1975,103.65
35,Ille-et-Vilaine,1982,110.67
35,Ille-et-Vilaine,1990,117.9
35,Ille-et-Vilaine,1999,128.05
35,Ille-et-Vilaine,2007,141.09
35,Ille-et-Vilaine,2008,142.82
35,Ille-et-Vilaine,2012,148.77
35,Ille-et-Vilaine,2013,150.55
35,Ille-et-Vilaine,2017,156.49
35,Ille-et-Vilaine,2018,157.83
36,Indre,1968,36.4
36,Indre,1975,36.6
36,Indre,1982,35.81
36,Indre,1990,34.98
36,Indre,1999,34.04
36,Indre,2007,34.28
36,Indre,2008,34.17
36,Indre,2012,33.68
36,Indre,2013,33.59
36,Indre,2017,32.73
36,Indre,2018,32.49
37,Indre-et-Loire,1968,71.47
37,Indre-et-Loire,1975,78.12
37,Indre-et-Loire,1982,82.6
37,Indre-et-Loire,1990,86.4
37,Indre-et-Loire,1999,90.42
37,Indre-et-Loire,2007,95.17
37,Indre-et-Loire,2008,95.55
37,Indre-et-Loire,2012,97.43
37,Indre-et-Loire,2013,97.97
37,Indre-et-Loire,2017,98.99
37,Indre-et-Loire,2018,99.2
38,Isère,1968,103.3
38,Isère,1975,115.77
38,Isère,1982,126.05
38,Isère,1990,136.75
38,Isère,1999,147.21
38,Isère,2007,158.61
38,Isère,2008,159.95
38,Isère,2012,164.84
38,Isère,2013,166.24
38,Isère,2017,169.38
38,Isère,2018,170.03
39,Jura,1968,46.7
39,Jura,1975,47.78
39,Jura,1982,48.59
39,Jura,1990,49.76
39,Jura,1999,50.18
39,Jura,2007,51.79
39,Jura,2008,52.16
39,Jura,2012,52.19
39,Jura,2013,52.11
39,Jura,2017,52.05
39,Jura,2018,51.96
40,Landes,1968,30.01
40,Landes,1975,31.2
40,Landes,1982,32.18
40,Landes,1990,33.7
40,Landes,1999,35.42
40,Landes,2007,39.76
40,Landes,2008,40.37
40,Landes,2012,42.51
40,Landes,2013,42.98
40,Landes,2017,44.08
40,Landes,2018,44.4
41,Loir-et-Cher,1968,42.23
41,Loir-et-Cher,1975,44.72
41,Loir-et-Cher,1982,46.7
41,Loir-et-Cher,1990,48.23
41,Loir-et-Cher,1999,49.65
41,Loir-et-Cher,2007,51.44
41,Loir-et-Cher,2008,51.49
41,Loir-et-Cher,2012,52.28
41,Loir-et-Cher,2013,52.34
41,Loir-et-Cher,2017,52.32
41,Loir-et-Cher,2018,52.06
42,Loire,1968,151.12
42,Loire,1975,155.29
42,Loire,1982,154.69
42,Loire,1990,156.11
42,Loire,1999,152.39
42,Loire,2007,154.93
42,Loire,2008,155.23
42,Loire,2012,157.67
42,Loire,2013,158.29
42,Loire,2017,159.59
42,Loire,2018,159.7
43,Haute-Loire,1968,41.86
43,Haute-Loire,1975,41.29
43,Haute-Loire,1982,41.37
43,Haute-Loire,1990,41.5
43,Haute-Loire,1999,42.01
43,Haute-Loire,2007,44.29
43,Haute-Loire,2008,44.57
43,Haute-Loire,2012,45.34
43,Haute-Loire,2013,45.45
43,Haute-Loire,2017,45.67
43,Haute-Loire,2018,45.72
44,Loire-Atlantique,1968,125.41
44,Loire-Atlantique,1975,136
44,Loire-Atlantique,1982,144.86
44,Loire-Atlantique,1990,153.1
44,Loire-Atlantique,1999,165.04
44,Loire-Atlantique,2007,181.39
44,Loire-Atlantique,2008,182.71
44,Loire-Atlantique,2012,191.07
44,Loire-Atlantique,2013,193.29
44,Loire-Atlantique,2017,202.92
44,Loire-Atlantique,2018,205.47
45,Loiret,1968,63.56
45,Loiret,1975,72.35
45,Loiret,1982,79.06
45,Loiret,1990,85.7
45,Loiret,1999,91.23
45,Loiret,2007,95.6
45,Loiret,2008,96.05
45,Loiret,2012,97.75
45,Loiret,2013,98.24
45,Loiret,2017,100.09
45,Loiret,2018,100.2
46,Lot,1968,28.98
46,Lot,1975,28.9
46,Lot,1982,29.62
46,Lot,1990,29.87
46,Lot,1999,30.71
46,Lot,2007,32.81
46,Lot,2008,33.12
46,Lot,2012,33.42
46,Lot,2013,33.31
46,Lot,2017,33.32
46,Lot,2018,33.34
47,Lot-et-Garonne,1968,54.21
47,Lot-et-Garonne,1975,54.58
47,Lot-et-Garonne,1982,55.68
47,Lot-et-Garonne,1990,57.08
47,Lot-et-Garonne,1999,56.96
47,Lot-et-Garonne,2007,60.47
47,Lot-et-Garonne,2008,60.88
47,Lot-et-Garonne,2012,61.95
47,Lot-et-Garonne,2013,62.15
47,Lot-et-Garonne,2017,62.09
47,Lot-et-Garonne,2018,61.92
48,Lozère,1968,14.95
48,Lozère,1975,14.48
48,Lozère,1982,14.38
48,Lozère,1990,14.09
48,Lozère,1999,14.23
48,Lozère,2007,14.88
48,Lozère,2008,14.9
48,Lozère,2012,14.88
48,Lozère,2013,14.83
48,Lozère,2017,14.83
48,Lozère,2018,14.81
49,Maine-et-Loire,1968,82.31
49,Maine-et-Loire,1975,88.57
49,Maine-et-Loire,1982,94.98
49,Maine-et-Loire,1990,99.29
49,Maine-et-Loire,1999,103.09
49,Maine-et-Loire,2007,108.44
49,Maine-et-Loire,2008,109
49,Maine-et-Loire,2012,111.92
49,Maine-et-Loire,2013,112.58
49,Maine-et-Loire,2017,114.47
49,Maine-et-Loire,2018,114.81
50,Manche,1968,76.07
50,Manche,1975,75.99
50,Manche,1982,78.38
50,Manche,1990,80.67
50,Manche,1999,80.99
50,Manche,2007,83.29
50,Manche,2008,83.59
50,Manche,2012,83.99
50,Manche,2013,84.09
50,Manche,2017,83.49
50,Manche,2018,83.34
51,Marne,1968,59.41
51,Marne,1975,64.93
51,Marne,1982,66.55
51,Marne,1990,68.34
51,Marne,1999,69.2
51,Marne,2007,69.35
51,Marne,2008,69.29
51,Marne,2012,69.63
51,Marne,2013,69.78
51,Marne,2017,69.64
51,Marne,2018,69.46
52,Haute-Marne,1968,34.51
52,Haute-Marne,1975,34.18
52,Haute-Marne,1982,33.92
52,Haute-Marne,1990,32.86
52,Haute-Marne,1999,31.38
52,Haute-Marne,2007,30.18
52,Haute-Marne,2008,30.02
52,Haute-Marne,2012,29.33
52,Haute-Marne,2013,29.23
52,Haute-Marne,2017,28.28
52,Haute-Marne,2018,28.03
53,Mayenne,1968,48.84
53,Mayenne,1975,50.59
53,Mayenne,1982,52.52
53,Mayenne,1990,53.72
53,Mayenne,1999,55.14
53,Mayenne,2007,58.09
53,Mayenne,2008,58.55
53,Mayenne,2012,59.41
53,Mayenne,2013,59.42
53,Mayenne,2017,59.41
53,Mayenne,2018,59.34
54,Meurthe-et-Moselle,1968,134.5
54,Meurthe-et-Moselle,1975,137.76
54,Meurthe-et-Moselle,1982,136.67
54,Meurthe-et-Moselle,1990,135.71
54,Meurthe-et-Moselle,1999,136.06
54,Meurthe-et-Moselle,2007,138.51
54,Meurthe-et-Moselle,2008,139.11
54,Meurthe-et-Moselle,2012,139.78
54,Meurthe-et-Moselle,2013,139.35
54,Meurthe-et-Moselle,2017,139.82
54,Meurthe-et-Moselle,2018,139.82
55,Meuse,1968,33.71
55,Meuse,1975,32.81
55,Meuse,1982,32.2
55,Meuse,1990,31.59
55,Meuse,1999,30.94
55,Meuse,2007,31.23
55,Meuse,2008,31.27
55,Meuse,2012,31.04
55,Meuse,2013,30.93
55,Meuse,2017,30.14
55,Meuse,2018,29.84
56,Morbihan,1968,79.22
56,Morbihan,1975,82.61
56,Morbihan,1982,86.61
56,Morbihan,1990,90.85
56,Morbihan,1999,94.37
56,Morbihan,2007,102.96
56,Morbihan,2008,104.07
56,Morbihan,2012,107.34
56,Morbihan,2013,108.14
56,Morbihan,2017,110.05
56,Morbihan,2018,110.64
57,Moselle,1968,156.25
57,Moselle,1975,161.89
57,Moselle,1982,162.02
57,Moselle,1990,162.69
57,Moselle,1999,164.64
57,Moselle,2007,167.15
57,Moselle,2008,167.66
57,Moselle,2012,168.34
57,Moselle,2013,168.41
57,Moselle,2017,167.87
57,Moselle,2018,167.87
58,Nièvre,1968,36.34
58,Nièvre,1975,35.97
58,Nièvre,1982,35.15
58,Nièvre,1990,34.22
58,Nièvre,1999,33.04
58,Nièvre,2007,32.49
58,Nièvre,2008,32.37
58,Nièvre,2012,31.8
58,Nièvre,2013,31.57
58,Nièvre,2017,30.39
58,Nièvre,2018,30.19
59,Nord,1968,421.2
59,Nord,1975,437.33
59,Nord,1982,438.91
59,Nord,1990,440.88
59,Nord,1999,444.91
59,Nord,2007,446.64
59,Nord,2008,446.64
59,Nord,2012,450.5
59,Nord,2013,451.97
59,Nord,2017,453.5
59,Nord,2018,453.83
60,Oise,1968,92.32
60,Oise,1975,103.46
60,Oise,1982,112.93
60,Oise,1990,123.82
60,Oise,1999,130.79
60,Oise,2007,135.94
60,Oise,2008,136.47
60,Oise,2012,138.27
60,Oise,2013,139.14
60,Oise,2017,140.69
60,Oise,2018,141.15
61,Orne,1968,47.27
61,Orne,1975,48.09
61,Orne,1982,48.41
61,Orne,1990,48.04
61,Orne,1999,47.9
61,Orne,2007,47.94
61,Orne,2008,47.89
61,Orne,2012,47.52
61,Orne,2013,47.33
61,Orne,2017,46.43
61,Orne,2018,46.14
62,Pas-de-Calais,1968,209.42
62,Pas-de-Calais,1975,210.2
62,Pas-de-Calais,1982,211.71
62,Pas-de-Calais,1990,214.83
62,Pas-de-Calais,1999,216.08
62,Pas-de-Calais,2007,218.36
62,Pas-de-Calais,2008,218.78
62,Pas-de-Calais,2012,219.39
62,Pas-de-Calais,2013,219.63
62,Pas-de-Calais,2017,220.05
62,Pas-de-Calais,2018,219.86
63,Puy-de-Dôme,1968,68.73
63,Puy-de-Dôme,1975,72.78
63,Puy-de-Dôme,1982,74.58
63,Puy-de-Dôme,1990,75.06
63,Puy-de-Dôme,1999,75.82
63,Puy-de-Dôme,2007,78.63
63,Puy-de-Dôme,2008,78.86
63,Puy-de-Dôme,2012,80.07
63,Puy-de-Dôme,2013,80.43
63,Puy-de-Dôme,2017,82.03
63,Puy-de-Dôme,2018,82.69
64,Pyrénées-Atlantiques,1968,66.55
64,Pyrénées-Atlantiques,1975,69.95
64,Pyrénées-Atlantiques,1982,72.69
64,Pyrénées-Atlantiques,1990,75.67
64,Pyrénées-Atlantiques,1999,78.49
64,Pyrénées-Atlantiques,2007,84.12
64,Pyrénées-Atlantiques,2008,84.69
64,Pyrénées-Atlantiques,2012,86.45
64,Pyrénées-Atlantiques,2013,86.86
64,Pyrénées-Atlantiques,2017,88.6
64,Pyrénées-Atlantiques,2018,88.92
65,Hautes-Pyrénées,1968,50.57
65,Hautes-Pyrénées,1975,50.9
65,Hautes-Pyrénées,1982,51.06
65,Hautes-Pyrénées,1990,50.35
65,Hautes-Pyrénées,1999,49.81
65,Hautes-Pyrénées,2007,51.21
65,Hautes-Pyrénées,2008,51.32
65,Hautes-Pyrénées,2012,51.27
65,Hautes-Pyrénées,2013,51.27
65,Hautes-Pyrénées,2017,51.19
65,Hautes-Pyrénées,2018,51.34
66,Pyrénées-Orientales,1968,68.51
66,Pyrénées-Orientales,1975,72.77
66,Pyrénées-Orientales,1982,81.28
66,Pyrénées-Orientales,1990,88.39
66,Pyrénées-Orientales,1999,95.43
66,Pyrénées-Orientales,2007,106.21
66,Pyrénées-Orientales,2008,107.24
66,Pyrénées-Orientales,2012,111.22
66,Pyrénées-Orientales,2013,112.42
66,Pyrénées-Orientales,2017,115.27
66,Pyrénées-Orientales,2018,115.73
67,Bas-Rhin,1968,174
67,Bas-Rhin,1975,185.51
67,Bas-Rhin,1982,192.57
67,Bas-Rhin,1990,200.43
67,Bas-Rhin,1999,215.8
67,Bas-Rhin,2007,228.15
67,Bas-Rhin,2008,229.44
67,Bas-Rhin,2012,232.32
67,Bas-Rhin,2013,233.32
67,Bas-Rhin,2017,236.71
67,Bas-Rhin,2018,238.39
68,Haut-Rhin,1968,165.95
68,Haut-Rhin,1975,180.19
68,Haut-Rhin,1982,184.49
68,Haut-Rhin,1990,190.44
68,Haut-Rhin,1999,200.85
68,Haut-Rhin,2007,210.6
68,Haut-Rhin,2008,211.64
68,Haut-Rhin,2012,214.23
68,Haut-Rhin,2013,215.23
68,Haut-Rhin,2017,216.74
68,Haut-Rhin,2018,217.01
69,Rhône,1968,408.23
69,Rhône,1975,440.01
69,Rhône,1982,444.8
69,Rhône,1990,464.42
69,Rhône,1999,485.94
69,Rhône,2007,516.16
69,Rhône,2008,520.29
69,Rhône,2012,542.57
69,Rhône,2013,547.79
69,Rhône,2017,567.33
69,Rhône,2018,572.32
70,Haute-Saône,1968,40
70,Haute-Saône,1975,41.46
70,Haute-Saône,1982,43.28
70,Haute-Saône,1990,42.84
70,Haute-Saône,1999,42.86
70,Haute-Saône,2007,44.25
70,Haute-Saône,2008,44.5
70,Haute-Saône,2012,44.73
70,Haute-Saône,2013,44.58
70,Haute-Saône,2017,44.15
70,Haute-Saône,2018,44.03
71,Saône-et-Loire,1968,64.18
71,Saône-et-Loire,1975,66.45
71,Saône-et-Loire,1982,66.69
71,Saône-et-Loire,1990,65.24
71,Saône-et-Loire,1999,63.55
71,Saône-et-Loire,2007,64.36
71,Saône-et-Loire,2008,64.61
71,Saône-et-Loire,2012,64.73
71,Saône-et-Loire,2013,64.87
71,Saône-et-Loire,2017,64.56
71,Saône-et-Loire,2018,64.4
72,Sarthe,1968,74.42
72,Sarthe,1975,79.02
72,Sarthe,1982,81.34
72,Sarthe,1990,82.77
72,Sarthe,1999,85.38
72,Sarthe,2007,89.74
72,Sarthe,2008,90.17
72,Sarthe,2012,91.42
72,Sarthe,2013,91.69
72,Sarthe,2017,91.28
72,Sarthe,2018,91.2
73,Savoie,1968,47.93
73,Savoie,1975,50.61
73,Savoie,1982,53.69
73,Savoie,1990,57.77
73,Savoie,1999,61.92
73,Savoie,2007,67.27
73,Savoie,2008,67.82
73,Savoie,2012,69.86
73,Savoie,2013,70.29
73,Savoie,2017,71.53
73,Savoie,2018,71.95
74,Haute-Savoie,1968,86.27
74,Haute-Savoie,1975,102.05
74,Haute-Savoie,1982,112.7
74,Haute-Savoie,1990,129.52
74,Haute-Savoie,1999,143.96
74,Haute-Savoie,2007,161.06
74,Haute-Savoie,2008,163.24
74,Haute-Savoie,2012,172.41
74,Haute-Savoie,2013,175.41
74,Haute-Savoie,2017,184
74,Haute-Savoie,2018,186.13
75,Paris,1968,24580.37
75,Paris,1975,21820.02
75,Paris,1982,20647.47
75,Paris,1990,20421.47
75,Paris,1999,20163.62
75,Paris,2007,20806.74
75,Paris,2008,20980.05
75,Paris,2012,21258.26
75,Paris,2013,21153.9
75,Paris,2017,20754.52
75,Paris,2018,20641.38
76,Seine-Maritime,1968,177.45
76,Seine-Maritime,1975,186.81
76,Seine-Maritime,1982,190.06
76,Seine-Maritime,1990,194.89
76,Seine-Maritime,1999,197.39
76,Seine-Maritime,2007,198.26
76,Seine-Maritime,2008,198.9
76,Seine-Maritime,2012,199.75
76,Seine-Maritime,2013,199.86
76,Seine-Maritime,2017,199.82
76,Seine-Maritime,2018,200.06
77,Seine-et-Marne,1968,102.17
77,Seine-et-Marne,1975,127.76
77,Seine-et-Marne,1982,149.97
77,Seine-et-Marne,1990,182.27
77,Seine-et-Marne,1999,201.81
77,Seine-et-Marne,2007,218
77,Seine-et-Marne,2008,220.4
77,Seine-et-Marne,2012,228.89
77,Seine-et-Marne,2013,230.79
77,Seine-et-Marne,2017,237.35
77,Seine-et-Marne,2018,238.79
78,Yvelines,1968,374
78,Yvelines,1975,473.75
78,Yvelines,1982,523.59
78,Yvelines,1990,572.2
78,Yvelines,1999,592.84
78,Yvelines,2007,614.58
78,Yvelines,2008,615.49
78,Yvelines,2012,618.25
78,Yvelines,2013,620.94
78,Yvelines,2017,629.6
78,Yvelines,2018,630.97
79,Deux-Sèvres,1968,54.27
79,Deux-Sèvres,1975,55.98
79,Deux-Sèvres,1982,57.14
79,Deux-Sèvres,1990,57.67
79,Deux-Sèvres,1999,57.4
79,Deux-Sèvres,2007,60.5
79,Deux-Sèvres,2008,60.85
79,Deux-Sèvres,2012,61.94
79,Deux-Sèvres,2013,61.95
79,Deux-Sèvres,2017,62.4
79,Deux-Sèvres,2018,62.47
80,Somme,1968,82.9
80,Somme,1975,87.27
80,Somme,1982,88.26
80,Somme,1990,88.79
80,Somme,1999,90.04
80,Somme,2007,91.72
80,Somme,2008,92.07
80,Somme,2012,92.57
80,Somme,2013,92.65
80,Somme,2017,92.78
80,Somme,2018,92.49
81,Tarn,1968,57.66
81,Tarn,1975,58.71
81,Tarn,1982,58.94
81,Tarn,1990,59.52
81,Tarn,1999,59.64
81,Tarn,2007,64.12
81,Tarn,2008,64.56
81,Tarn,2012,65.81
81,Tarn,2013,66.33
81,Tarn,2017,67.37
81,Tarn,2018,67.49
82,Tarn-et-Garonne,1968,49.37
82,Tarn-et-Garonne,1975,49.3
82,Tarn-et-Garonne,1982,51.23
82,Tarn-et-Garonne,1990,53.85
82,Tarn-et-Garonne,1999,55.41
82,Tarn-et-Garonne,2007,62.33
82,Tarn-et-Garonne,2008,63.45
82,Tarn-et-Garonne,2012,66.42
82,Tarn-et-Garonne,2013,67.33
82,Tarn-et-Garonne,2017,69.48
82,Tarn-et-Garonne,2018,69.69
83,Var,1968,93.08
83,Var,1975,104.83
83,Var,1982,118.6
83,Var,1990,136.53
83,Var,1999,150.43
83,Var,2007,166.75
83,Var,2008,167.67
83,Var,2012,171.06
83,Var,2013,172.22
83,Var,2017,177.27
83,Var,2018,178.77
84,Vaucluse,1968,99.23
84,Vaucluse,1975,109.45
84,Vaucluse,1982,119.8
84,Vaucluse,1990,130.93
84,Vaucluse,1999,140.08
84,Vaucluse,2007,150.86
84,Vaucluse,2008,151.07
84,Vaucluse,2012,153.15
84,Vaucluse,2013,154.17
84,Vaucluse,2017,156.84
84,Vaucluse,2018,156.93
85,Vendée,1968,62.69
85,Vendée,1975,67.06
85,Vendée,1982,71.88
85,Vendée,1990,75.8
85,Vendée,1999,80.31
85,Vendée,2007,90.4
85,Vendée,2008,91.81
85,Vendée,2012,96.57
85,Vendée,2013,97.55
85,Vendée,2017,100.49
85,Vendée,2018,101.2
86,Vienne,1968,48.67
86,Vienne,1975,51.12
86,Vienne,1982,53.13
86,Vienne,1990,54.36
86,Vienne,1999,57.08
86,Vienne,2007,60.35
86,Vienne,2008,60.7
86,Vienne,2012,61.52
86,Vienne,2013,61.69
86,Vienne,2017,62.5
86,Vienne,2018,62.6
87,Haute-Vienne,1968,61.88
87,Haute-Vienne,1975,63.79
87,Haute-Vienne,1982,64.44
87,Haute-Vienne,1990,64.06
87,Haute-Vienne,1999,64.11
87,Haute-Vienne,2007,67.23
87,Haute-Vienne,2008,67.74
87,Haute-Vienne,2012,68.09
87,Haute-Vienne,2013,68.09
87,Haute-Vienne,2017,67.83
87,Haute-Vienne,2018,67.61
88,Vosges,1968,66.09
88,Vosges,1975,67.75
88,Vosges,1982,67.38
88,Vosges,1990,65.76
88,Vosges,1999,64.86
88,Vosges,2007,64.75
88,Vosges,2008,64.72
88,Vosges,2012,64.23
88,Vosges,2013,63.88
88,Vosges,2017,62.6
88,Vosges,2018,62.33
89,Yonne,1968,38.15
89,Yonne,1975,40.37
89,Yonne,1982,41.87
89,Yonne,1990,43.5
89,Yonne,1999,44.86
89,Yonne,2007,45.97
89,Yonne,2008,46.09
89,Yonne,2012,46.03
89,Yonne,2013,45.98
89,Yonne,2017,45.55
89,Yonne,2018,45.44
90,Territoire de Belfort,1968,194.36
90,Territoire de Belfort,1975,210.23
90,Territoire de Belfort,1982,216.59
90,Territoire de Belfort,1990,220.03
90,Territoire de Belfort,1999,225.47
90,Territoire de Belfort,2007,233.73
90,Territoire de Belfort,2008,232.93
90,Territoire de Belfort,2012,236.18
90,Territoire de Belfort,2013,236.8
90,Territoire de Belfort,2017,234.02
90,Territoire de Belfort,2018,232.76
91,Essonne,1968,373.16
91,Essonne,1975,511.56
91,Essonne,1982,547.55
91,Essonne,1990,601.21
91,Essonne,1999,628.6
91,Essonne,2007,666.15
91,Essonne,2008,668.28
91,Essonne,2012,685.83
91,Essonne,2013,694.93
91,Essonne,2017,718.32
91,Essonne,2018,718.6
92,Hauts-de-Seine,1968,8323.1
92,Hauts-de-Seine,1975,8193.9
92,Hauts-de-Seine,1982,7898.41
92,Hauts-de-Seine,1990,7924.71
92,Hauts-de-Seine,1999,8136.67
92,Hauts-de-Seine,2007,8794.55
92,Hauts-de-Seine,2008,8824.21
92,Hauts-de-Seine,2012,9033.85
92,Hauts-de-Seine,2013,9062.14
92,Hauts-de-Seine,2017,9164.09
92,Hauts-de-Seine,2018,9219.98
93,Seine-Saint-Denis,1968,5290.46
93,Seine-Saint-Denis,1975,5597.49
93,Seine-Saint-Denis,1982,5606.69
93,Seine-Saint-Denis,1990,5847.57
93,Seine-Saint-Denis,1999,5854.62
93,Seine-Saint-Denis,2007,6360.46
93,Seine-Saint-Denis,2008,6377.93
93,Seine-Saint-Denis,2012,6514.5
93,Seine-Saint-Denis,2013,6572.74
93,Seine-Saint-Denis,2017,6871.77
93,Seine-Saint-Denis,2018,6912.27
94,Val-de-Marne,1968,4576.25
94,Val-de-Marne,1975,4961.49
94,Val-de-Marne,1982,4871.46
94,Val-de-Marne,1990,4960.77
94,Val-de-Marne,1999,5008.57
94,Val-de-Marne,2007,5317.26
94,Val-de-Marne,2008,5349.86
94,Val-de-Marne,2012,5476.19
94,Val-de-Marne,2013,5525.87
94,Val-de-Marne,2017,5664.31
94,Val-de-Marne,2018,5700.99
95,Val-d'Oise,1968,556.44
95,Val-d'Oise,1975,674.92
95,Val-d'Oise,1982,738.9
95,Val-d'Oise,1990,842.43
95,Val-d'Oise,1999,887.27
95,Val-d'Oise,2007,931.63
95,Val-d'Oise,2008,935.38
95,Val-d'Oise,2012,952.78
95,Val-d'Oise,2013,958.88
95,Val-d'Oise,2017,986.12
95,Val-d'Oise,2018,994.12
